origem_id,aba_origem,mes_origem,linha_excel_original,data,pedido,descricao,codigo,quantidade,preco_unitario,preco_total,flags_qualidade
JAN._FEV._L100,JAN.  FEV.,Jan-Fev,100,2026-02-05 00:00:00,,Licença Acrobat PRO,,,,84.0,quantidade_ausente;
JAN._FEV._L104,JAN.  FEV.,Jan-Fev,104,2026-02-05 00:00:00,1664,Fonte PC Automatico 500w,EF500,50.0,90.0,4500.0,linha_duplicada_suspeita;
JAN._FEV._L105,JAN.  FEV.,Jan-Fev,105,2026-02-05 00:00:00,1664,Fonte PC Automatico 500w,EF500,50.0,90.0,4500.0,linha_duplicada_suspeita;
JAN._FEV._L125,JAN.  FEV.,Jan-Fev,125,2026-02-06 00:00:00,,Monitor 19',AXPRO,50.0,,,preco_ausente;
JAN._FEV._L136,JAN.  FEV.,Jan-Fev,136,2026-02-06 00:00:00,,Monitor 19',AXPRO,251.0,,,preco_ausente;
JAN._FEV._L137,JAN.  FEV.,Jan-Fev,137,2026-02-06 00:00:00,,Monitor 24',AXPRO,100.0,,,preco_ausente;
JAN._FEV._L138,JAN.  FEV.,Jan-Fev,138,2026-02-06 00:00:00,,Monitor 20',AXPRO,60.0,,,preco_ausente;
JAN._FEV._L220,JAN.  FEV.,Jan-Fev,220,2026-02-13 00:00:00,,Monitro AXPro 24',,30.0,,,preco_ausente;
JAN._FEV._L221,JAN.  FEV.,Jan-Fev,221,2026-02-13 00:00:00,,Monitro AXPro 20',,300.0,,,preco_ausente;
JAN._FEV._L222,JAN.  FEV.,Jan-Fev,222,2026-02-13 00:00:00,,Monitro HQ 19',,70.0,,,preco_ausente;
JAN._FEV._L223,JAN.  FEV.,Jan-Fev,223,2026-02-13 00:00:00,,Plca Mae,H110,20.0,,,preco_ausente;
JAN._FEV._L321,JAN.  FEV.,Jan-Fev,321,2026-03-03 00:00:00,-,,,124.0,510.0,63240.0,descricao_ausente;
JAN._FEV._L322,JAN.  FEV.,Jan-Fev,322,2026-03-03 00:00:00,-,,,1.0,50.0,50.0,descricao_ausente;
MARÇO_ABRIL_L76,MARÇO  ABRIL,Mar-Abr,76,2026-03-06 00:00:00,236914,EXTENSOR CONVERSOR FIBRA OPTICA RJ45,4884,120.0,57.65,6918.0,linha_duplicada_suspeita;
MARÇO_ABRIL_L77,MARÇO  ABRIL,Mar-Abr,77,2026-03-06 00:00:00,236914,EXTENSOR CONVERSOR FIBRA OPTICA RJ45,4884,120.0,57.65,6918.0,linha_duplicada_suspeita;
MARÇO_ABRIL_L80,MARÇO  ABRIL,Mar-Abr,80,2026-03-06 00:00:00,-,MONITOR AX20',-,300.0,152.0,45600.0,linha_duplicada_suspeita;
MARÇO_ABRIL_L82,MARÇO  ABRIL,Mar-Abr,82,2026-03-06 00:00:00,2811,DDR3 8GB 1600,1608P,500.0,121.5,60750.0,linha_duplicada_suspeita;
MARÇO_ABRIL_L83,MARÇO  ABRIL,Mar-Abr,83,2026-03-06 00:00:00,2811,DDR3 8GB 1600,1608P,500.0,121.5,60750.0,linha_duplicada_suspeita;
MARÇO_ABRIL_L310,MARÇO  ABRIL,Mar-Abr,310,2026-03-24 00:00:00,911936,MONITOR LED 19 BPC-19WE02-B PRETO,57944,500.0,135.0,67500.0,linha_duplicada_suspeita;
MARÇO_ABRIL_L311,MARÇO  ABRIL,Mar-Abr,311,2026-03-24 00:00:00,911936,MONITOR LED 19 BPC-19WE02-B PRETO,57944,500.0,135.0,67500.0,linha_duplicada_suspeita;
MARÇO_ABRIL_L319,MARÇO  ABRIL,Mar-Abr,319,2026-03-24 00:00:00,-,MONITOR AX22',-,10.0,180.0,1800.0,linha_duplicada_suspeita;
MARÇO_ABRIL_L324,MARÇO  ABRIL,Mar-Abr,324,2026-03-24 00:00:00,-,MONITOR AX22',-,10.0,180.0,1800.0,linha_duplicada_suspeita;
MARÇO_ABRIL_L326,MARÇO  ABRIL,Mar-Abr,326,2026-03-24 00:00:00,-,PLACA MAE H110,-,200.0,215.0,43000.0,linha_duplicada_suspeita;
MARÇO_ABRIL_L350,MARÇO  ABRIL,Mar-Abr,350,2026-03-25 00:00:00,-,PLACA MAE H110,-,200.0,215.0,43000.0,linha_duplicada_suspeita;
MARÇO_ABRIL_L366,MARÇO  ABRIL,Mar-Abr,366,2026-03-27 00:00:00,-,MONITOR AX20',-,300.0,152.0,45600.0,linha_duplicada_suspeita;
MARÇO_ABRIL_L447,MARÇO  ABRIL,Mar-Abr,447,2026-04-06 00:00:00,4159,FECHADURA INTELIGENTE COM TELA,ALPHA-202,3.0,423.0,1269.0,linha_duplicada_suspeita;
MARÇO_ABRIL_L448,MARÇO  ABRIL,Mar-Abr,448,2026-04-06 00:00:00,4159,FECHADURA INTELIGENTE COM TELA,ALPHA-202,3.0,423.0,1269.0,linha_duplicada_suspeita;
MARÇO_ABRIL_L463,MARÇO  ABRIL,Mar-Abr,463,2026-04-07 00:00:00,1469,MOTO ELETRICA ,AC-6609,1.0,5808.0,5808.0,linha_duplicada_suspeita;
MARÇO_ABRIL_L464,MARÇO  ABRIL,Mar-Abr,464,2026-04-07 00:00:00,1469,MOTO ELETRICA ,AC-6609,1.0,5808.0,5808.0,linha_duplicada_suspeita;
MARÇO_ABRIL_L470,MARÇO  ABRIL,Mar-Abr,470,2026-04-08 00:00:00,8004,CAIXA DE SOM X69,IMS-X69,2.0,690.12,1380.24,linha_duplicada_suspeita;
MARÇO_ABRIL_L471,MARÇO  ABRIL,Mar-Abr,471,2026-04-08 00:00:00,8004,CAIXA DE SOM X69,IMS-X69,2.0,690.12,1380.24,linha_duplicada_suspeita;
MARÇO_ABRIL_L531,MARÇO  ABRIL,Mar-Abr,531,2026-04-14 00:00:00,914463,MONITOR LED 20' 20WR 75HZ PRETO,60856,100.0,149.9,14990.0,linha_duplicada_suspeita;
MARÇO_ABRIL_L532,MARÇO  ABRIL,Mar-Abr,532,2026-04-14 00:00:00,914463,MONITOR LED 20' 20WR 75HZ PRETO,60856,100.0,149.9,14990.0,linha_duplicada_suspeita;
MARÇO_ABRIL_L533,MARÇO  ABRIL,Mar-Abr,533,2026-04-14 00:00:00,914463,MONITOR LED 20' 20WR 75HZ PRETO,60856,100.0,149.9,14990.0,linha_duplicada_suspeita;
MARÇO_ABRIL_L550,MARÇO  ABRIL,Mar-Abr,550,2026-04-15 00:00:00,-,DDR4 4GB,-,200.0,120.0,24000.0,linha_duplicada_suspeita;
MARÇO_ABRIL_L553,MARÇO  ABRIL,Mar-Abr,553,2026-04-15 00:00:00,06123,SWITCH 16 PORTAS,KP-PW005,10.0,330.0,3300.0,linha_duplicada_suspeita;
MARÇO_ABRIL_L554,MARÇO  ABRIL,Mar-Abr,554,2026-04-15 00:00:00,06123,SWITCH 16 PORTAS,KP-PW005,10.0,330.0,3300.0,linha_duplicada_suspeita;
MARÇO_ABRIL_L627,MARÇO  ABRIL,Mar-Abr,627,2026-04-22 00:00:00,1116,TRICICLO ELETRICO,-,1.0,6150.0,6150.0,linha_duplicada_suspeita;
MARÇO_ABRIL_L628,MARÇO  ABRIL,Mar-Abr,628,2026-04-22 00:00:00,1116,TRICICLO ELETRICO,-,1.0,6150.0,6150.0,linha_duplicada_suspeita;
MARÇO_ABRIL_L638,MARÇO  ABRIL,Mar-Abr,638,2026-04-23 00:00:00,06551,DDR4 8GB 26666MHZ MEMORIA RAM,KP-HD817,200.0,171.0,34200.0,linha_duplicada_suspeita;
MARÇO_ABRIL_L640,MARÇO  ABRIL,Mar-Abr,640,2026-04-23 00:00:00,06551,DDR4 8GB 26666MHZ MEMORIA RAM,KP-HD817,200.0,171.0,34200.0,linha_duplicada_suspeita;
MARÇO_ABRIL_L642,MARÇO  ABRIL,Mar-Abr,642,2026-04-23 00:00:00,-,DDR4 4GB,-,200.0,120.0,24000.0,linha_duplicada_suspeita;
MARÇO_ABRIL_L691,MARÇO  ABRIL,Mar-Abr,691,2026-04-27 00:00:00,-,DDR4 8GB 2666MHZ DESK,DDR4,150.0,265.0,39750.0,linha_duplicada_suspeita;
MARÇO_ABRIL_L692,MARÇO  ABRIL,Mar-Abr,692,2026-04-27 00:00:00,-,DDR4 8GB 2666MHZ DESK,DDR4,150.0,265.0,39750.0,linha_duplicada_suspeita;
MARÇO_ABRIL_L697,MARÇO  ABRIL,Mar-Abr,697,2026-04-28 00:00:00,02000,GABINETE GAMER ,D-MATX10,17.0,290.0,4930.0,linha_duplicada_suspeita;
MARÇO_ABRIL_L740,MARÇO  ABRIL,Mar-Abr,740,2026-04-28 00:00:00,02000,GABINETE GAMER ,D-MATX10,17.0,290.0,4930.0,linha_duplicada_suspeita;
MARÇO_ABRIL_L754,MARÇO  ABRIL,Mar-Abr,754,2026-04-30 00:00:00,05081,FONTE DE ALIMENTAÇÃO PRETO 80 PLUS 650W BRONZE,DELTA-F650,10.0,171.0,1710.0,linha_duplicada_suspeita;
MARÇO_ABRIL_L755,MARÇO  ABRIL,Mar-Abr,755,2026-04-30 00:00:00,05081,FONTE DE ALIMENTAÇÃO PRETO 80 PLUS 650W BRONZE,DELTA-F650,10.0,171.0,1710.0,linha_duplicada_suspeita;
MAIO_L34,MAIO,Maio,34,2026-05-04 00:00:00,04465,VARAL DE PISO,SM015,1.0,67.5,67.5,linha_duplicada_suspeita;
MAIO_L35,MAIO,Maio,35,2026-05-04 00:00:00,04465,VARAL DE PISO,SM015,1.0,67.5,67.5,linha_duplicada_suspeita;
MAIO_L67,MAIO,Maio,67,2026-05-05 00:00:00,1122,ALBUM DA COPA,-,1.0,380.0,380.0,linha_duplicada_suspeita;
MAIO_L68,MAIO,Maio,68,2026-05-05 00:00:00,1122,ALBUM DA COPA,-,1.0,380.0,380.0,linha_duplicada_suspeita;
MAIO_L118,MAIO,Maio,118,2026-05-07 00:00:00,326614,X1504VA-NJ1739- CORE I5 / 8 GB / 256 GB / KEEP OS / COOL SILVER,90NB10J2 M03BN0,1.0,3516.5,3516.5,linha_duplicada_suspeita;
MAIO_L119,MAIO,Maio,119,2026-05-07 00:00:00,326614,X1504VA-NJ1739- CORE I5 / 8 GB / 256 GB / KEEP OS / COOL SILVER,90NB10J2 M03BN0,1.0,3516.5,3516.5,linha_duplicada_suspeita;
MAIO_L120,MAIO,Maio,120,2026-05-07 00:00:00,326614,X1504VA-NJ1739- CORE I5 / 8 GB / 256 GB / KEEP OS / COOL SILVER,90NB10J2 M03BN0,1.0,3516.5,3516.5,linha_duplicada_suspeita;
MAIO_L121,MAIO,Maio,121,2026-05-07 00:00:00,326614,X1504VA-NJ1739- CORE I5 / 8 GB / 256 GB / KEEP OS / COOL SILVER,90NB10J2 M03BN0,1.0,3516.5,3516.5,linha_duplicada_suspeita;
MAIO_L189,MAIO,Maio,189,2026-05-13 00:00:00,-,BAT UNIPOWER 12V 12AH (UP12120) R,A21 12V 12AH,50.0,100.9,5045.0,linha_duplicada_suspeita;
MAIO_L190,MAIO,Maio,190,2026-05-13 00:00:00,-,BAT UNIPOWER 12V 12AH (UP12120) R,A21 12V 12AH,50.0,100.9,5045.0,linha_duplicada_suspeita;
MAIO_L231,MAIO,Maio,231,2026-05-14 00:00:00,05522,SWITCH POE 8+2+1,ATS-1082,32.0,135.0,4320.0,linha_duplicada_suspeita;
MAIO_L232,MAIO,Maio,232,2026-05-14 00:00:00,05522,SWITCH POE 8+2+1,ATS-1082,32.0,135.0,4320.0,linha_duplicada_suspeita;
MAIO_L243,MAIO,Maio,243,2026-05-14 00:00:00,-,DDR4 4GB,DDR4 4GB,200.0,120.0,24000.0,linha_duplicada_suspeita;
MAIO_L347,MAIO,Maio,347,2026-05-20 00:00:00,-,DDR4 4GB,DDR4 4GB,200.0,120.0,24000.0,linha_duplicada_suspeita;
MAIO_L383,MAIO,Maio,383,2026-05-25 00:00:00,08942,PLACA MÃE H310 PC,G-H310,20.0,250.0,5000.0,linha_duplicada_suspeita;
MAIO_L384,MAIO,Maio,384,2026-05-25 00:00:00,08942,PLACA MÃE H310 PC,G-H310,20.0,250.0,5000.0,linha_duplicada_suspeita;
JUNHO_L252,JUNHO,Junho,252,2026-06-11 00:00:00,10374,PLACA MÃE H610 PC,G-H610,50.0,315.0,15750.0,linha_duplicada_suspeita;
JUNHO_L253,JUNHO,Junho,253,2026-06-11 00:00:00,10374,PLACA MÃE H610 PC,G-H610,50.0,315.0,15750.0,linha_duplicada_suspeita;
JUNHO_L259,JUNHO,Junho,259,2026-06-12 00:00:00,10442,PLACA MÃE B75 LGA1155,G-B75/S,500.0,80.0,40000.0,linha_duplicada_suspeita;
JUNHO_L260,JUNHO,Junho,260,2026-06-12 00:00:00,10442,PLACA MÃE B75 LGA1155,G-B75/S,500.0,80.0,40000.0,linha_duplicada_suspeita;
JUNHO_L301,JUNHO,Junho,301,2026-06-16 00:00:00,-,S10 LITE 5M X 400 128/6 109,-,1.0,1940.0,1940.0,linha_duplicada_suspeita;
JUNHO_L328,JUNHO,Junho,328,2026-06-16 00:00:00,-,DDR4 8GB 2666mhz  PC- CLANM,DDR4 8GB,116.0,199.27,23115.32,linha_duplicada_suspeita;
JUNHO_L329,JUNHO,Junho,329,2026-06-16 00:00:00,-,DDR4 8GB 2666mhz  PC- CLANM,DDR4 8GB,116.0,199.27,23115.32,linha_duplicada_suspeita;
JUNHO_L330,JUNHO,Junho,330,2026-06-16 00:00:00,-,DDR4 8GB 2666mhz  PC- CLANM,DDR4 8GB,116.0,199.27,23115.32,linha_duplicada_suspeita;
JUNHO_L331,JUNHO,Junho,331,2026-06-16 00:00:00,-,DDR4 8GB 2666mhz  PC- CLANM,DDR4 8GB,116.0,199.27,23115.32,linha_duplicada_suspeita;
JUNHO_L332,JUNHO,Junho,332,2026-06-16 00:00:00,-,DDR4 8GB 2666mhz  PC- CLANM,DDR4 8GB,116.0,199.27,23115.32,linha_duplicada_suspeita;
JUNHO_L333,JUNHO,Junho,333,2026-06-16 00:00:00,-,DDR4 8GB 2666mhz  PC- CLANM,DDR4 8GB,116.0,199.27,23115.32,linha_duplicada_suspeita;
JUNHO_L358,JUNHO,Junho,358,2026-06-17 00:00:00,-,S10 LITE 5M X 400 128/6 109,-,1.0,1940.0,1940.0,linha_duplicada_suspeita;
JUNHO_L577,JUNHO,Junho,577,2026-06-29 00:00:00,21517,,BOM-9702,5.0,159.9,799.5,descricao_ausente;
JULHO_L32,JULHO,Julho,32,2026-07-01 00:00:00,32045,PROCESSADOR INTEL I5 8500 OEM,i5-8500,14.0,307.3,307.3,total_nao_bate_qtd_x_unitario;
JULHO_L52,JULHO,Julho,52,2026-07-01 00:00:00,-,DDR5 16GB PC 4800XMP - C/ DISSIPADOR DE CALOR BRANCO - CLANM,-,14.0,806.5,11291.0,linha_duplicada_suspeita;
JULHO_L53,JULHO,Julho,53,2026-07-01 00:00:00,-,DDR5 16GB PC 4800XMP BK - C/ DISSIPADOR DE CALOR PRETO - CLANM,-,14.0,806.5,11291.0,linha_duplicada_suspeita;
JULHO_L54,JULHO,Julho,54,2026-07-01 00:00:00,-,DDR5 16GB PC 4800XMP - C/ DISSIPADOR DE CALOR BRANCO - CLANM,-,14.0,806.5,11291.0,linha_duplicada_suspeita;
JULHO_L55,JULHO,Julho,55,2026-07-01 00:00:00,-,DDR5 16GB PC 4800XMP BK - C/ DISSIPADOR DE CALOR PRETO - CLANM,-,14.0,806.5,11291.0,linha_duplicada_suspeita;
JULHO_L56,JULHO,Julho,56,2026-07-01 00:00:00,-,DDR5 16GB PC 4800XMP - C/ DISSIPADOR DE CALOR BRANCO - CLANM,-,14.0,806.5,11291.0,linha_duplicada_suspeita;
JULHO_L57,JULHO,Julho,57,2026-07-01 00:00:00,-,DDR5 16GB PC 4800XMP BK - C/ DISSIPADOR DE CALOR PRETO - CLANM,-,14.0,806.5,11291.0,linha_duplicada_suspeita;
JULHO_L74,JULHO,Julho,74,2026-07-02 00:00:00,921,DDR4 16GB 3200MHZ,DDR4 16GB,50.0,425.0,21250.0,linha_duplicada_suspeita;
JULHO_L75,JULHO,Julho,75,2026-07-02 00:00:00,921,DDR4 16GB 3200MHZ,DDR4 16GB,50.0,425.0,21250.0,linha_duplicada_suspeita;
JULHO_L101,JULHO,Julho,101,2026-07-03 00:00:00,-,NVME 512GB,-,50.0,380.0,19000.0,linha_duplicada_suspeita;
JULHO_L134,JULHO,Julho,134,2026-07-07 00:00:00,-,NVME 512GB,-,50.0,380.0,19000.0,linha_duplicada_suspeita;
JULHO_L207,JULHO,Julho,207,2026-07-08 00:00:00,-,NVME 512GB,-,50.0,380.0,19000.0,linha_duplicada_suspeita;
JULHO_L356,JULHO,Julho,356,2026-07-14 00:00:00,1042,"MONITOR HQ 34"" CURVO","HQ34""",1.0,1270.0,1270.0,linha_duplicada_suspeita;
JULHO_L357,JULHO,Julho,357,2026-07-14 00:00:00,1042,"MONITOR HQ 34"" CURVO","HQ34""",1.0,1270.0,1270.0,linha_duplicada_suspeita;
JULHO_L486,JULHO,Julho,486,2026-07-20 00:00:00,1482,PLACA DE VIDEO GEFORCE RTX 5060 8GB MSI SHADOW 2X OC,03LSD,,1390.8,,quantidade_ausente;
JULHO_L649,JULHO,Julho,649,2026-07-29 00:00:00,-,SCOOTER ELETRICA A4 BRANCO,A4,1.0,6100.0,6100.0,linha_duplicada_suspeita;
JULHO_L650,JULHO,Julho,650,2026-07-29 00:00:00,-,SCOOTER ELETRICA A4 BRANCO,A4,1.0,6100.0,6100.0,linha_duplicada_suspeita;
JULHO_L651,JULHO,Julho,651,2026-07-29 00:00:00,-,SCOOTER ELETRICA A4 BRANCO,A4,1.0,6100.0,6100.0,linha_duplicada_suspeita;
JULHO_L657,JULHO,Julho,657,2026-07-28 00:00:00,728026,FONE BLUETOOTH DE GANCHO ,IMS-817-A,30.0,44.8,1344.0,linha_duplicada_suspeita;
JULHO_L658,JULHO,Julho,658,2026-07-28 00:00:00,728026,FONE BLUETOOTH DE GANCHO ,IMS-817-A,30.0,44.8,1344.0,linha_duplicada_suspeita;
JULHO_L716,JULHO,Julho,716,2026-07-30 00:00:00,25482,CARREGADOR/AMPAINHA/RADIOREPRODUTOR/CONTROLE REOO/PILHA/ILHA/NES/CABO DE FORÇA,MAX-0568/SD173ALE-610/LE-7679/LE-7999-2/LE-7999-1,,,14030.26,quantidade_ausente;
AGOSTO_L16,AGOSTO,Agosto,16,2026-08-03 00:00:00,26160,ALICATE - FERRO DE SOLDAR - LAVADORA DE PRESSAO - KIT RETIFICA ELETRICA - MINI SOPRADOR TURBO COM FUNÇÃO ASPIRAÇÃO,BOM-6003/BOM-9516/OM-7006/BOM-9603/BOM-9726,,,9542.65,quantidade_ausente;
AGOSTO_L27,AGOSTO,Agosto,27,2026-08-04 00:00:00,26254,"PONTAS DE PROVA, ADESIVO DE VEDAÇÃO, ESPATULA, JOGO DE SERRA, JOGO DE ESCOVAS, ESCOVAS, NIVEL, MOTOSERRA, LUZ DE EMERGENCIA, PARAFUSADEIRA, CHAVE MULTIFUNCIONAL E ETC",BOM-6000 BOM-1372 BOM-1012 BOM-5656 BOM-6520 BOM-9203 BOM-4232 BOM-9970 BOM-3205 BOM-5659 BOM-5022 BOM-5120 BOM-6506 BOM-3911 BOM-7,,,15767.65,quantidade_ausente;
AGOSTO_L28,AGOSTO,Agosto,28,2026-08-04 00:00:00,26374,BOLSA - KIT JOGO DE CHAVES - KIT MANICURE - LANTERNA - SERRA MARMORE - SOPRADOR - KIT OFICINA - JOGO DE SOQUETES ,BOM-7710 BOM-3911 BOM-3912 BOM-3710 BOM-4326 BOM-9549 BOM-9725 BOM-9709 BOM-9908 BOM-3921,,,27251.0,quantidade_ausente;
AGOSTO_L30,AGOSTO,Agosto,30,2026-08-04 00:00:00,38298,PELIC. NANOTECH HD G3 180X120MM,581,150.0,9.84,1681.19,total_nao_bate_qtd_x_unitario;
AGOSTO_L38,AGOSTO,Agosto,38,2026-08-05 00:00:00,26504,CHAVE BIELA-DISCOFLAP-KIT5PÇS LAMINADE-PARAFUSOS-KITPAAFUSO,BOM-1464 BOM-5111 BOM-5130 BOM-5315 BOM-5314 BOM-5316 BOM-5302,,,3981.4,quantidade_ausente;
AGOSTO_L39,AGOSTO,Agosto,39,2026-08-05 00:00:00,26503,MACACO-ALICATES-TRANSFORMADOR-PISTOLA-PARAFUSADEIRA,BOM-1544 BOM-1701 BOM-1703 BOM-1710 BOM-1713 BOM-1714 BOM-9301 BOM-1371 BOM-9969,,,7773.7,quantidade_ausente;
AGOSTO_L40,AGOSTO,Agosto,40,2026-08-05 00:00:00,26502,ESTILETE-KIT JOGO-TRENA-BICO,BOM-3304 BOM-5922 BOM-6507 BOM-2506,,,5145.6,quantidade_ausente;
AGOSTO_L42,AGOSTO,Agosto,42,2026-08-05 00:00:00,26375,SOPRADOR-MOTOSERR-ESCOVA-LUZ DE TRABALHO-MISTURADORSERRA-MAQUINA DE SOLDA-AUXILIAR,BOM-9206 BOM-9203 BOM-7377 BOM-4229 BOM-9599 BOM-9667 BOM-9508 BOM-8923,,,18403.12,quantidade_ausente;
AGOSTO_L61,AGOSTO,Agosto,61,2026-08-10 00:00:00,26949,CORRENTES DE MOTOSSERAS ,BOM-5628 BOM-5626 BOM-5622,,,13190.0,quantidade_ausente;
AGOSTO_L62,AGOSTO,Agosto,62,2026-08-10 00:00:00,27059,"PARAFUSADEIRA, SERRA CIRCULAR, CABO CHUPETA, ESCOVA DE LIMPEZA, AUXILIAR DE PARTIDA, ESMERILHADEIRA, FURADEIRA, JOGO E SOQUETES, PARAFUSADEIRA, SERRA DE MARMORE, PISTOLA",BOM-9970 BOM-9579 BOM-1802 BOM-7377 BOM-8923 BOM-9545 BOM-9546 BOM-9669 BOM-9670 BOM-3917 BOM-9961 BOM-9549 BOM-9550 BOM-9570,,,27853.94,quantidade_ausente;
AGOSTO_L63,AGOSTO,Agosto,63,2026-08-10 00:00:00,17496,"CARTAO DE MEMORIA 64GB, 32GB, 16GB, 8GB, PENDRIVE MINI GB PREMIUM E 16GB",,,,254400.0,quantidade_ausente;
AGOSTO_L64,AGOSTO,Agosto,64,2026-08-10 00:00:00,27089,"NIVELADOR, ESMERILHADEIRA, PARAFUSADEIRA, JOGO DE CHAVE, LAMINA",BOM-6202 BOM-9545 BOM-9961 BOM-3213 BOM-5132,,,6972.6,quantidade_ausente;
AGOSTO_L65,AGOSTO,Agosto,65,2026-08-10 00:00:00,27108,"PARAFUSADEIRA, KIT JOGO DE FERRAMENTAS, CONJUNTO DE CHAVE DE FENDA, KIT CHAVES ISOLADAS","BOM-9960, BOM-3907, BOM-3127, BOM-3110",,,4885.8,quantidade_ausente;
AGOSTO_L68,AGOSTO,Agosto,68,2026-08-10 00:00:00,231956,PLACA MAE - B 75 - LGA 1155 - DDR3 - 1000MBPS PLM2301,PLM2301,,90.0,90000.0,quantidade_ausente;
AGOSTO_L69,AGOSTO,Agosto,69,2026-08-11 00:00:00,17333,PLACA DE REDE WI-FI PCI-E ,KP-T136,2.0,72.0,14400.0,total_nao_bate_qtd_x_unitario;
AGOSTO_L70,AGOSTO,Agosto,70,2026-08-11 00:00:00,17332,PLACA MAE CONTROLADORA PARA COMPUTADOR DESKTOP G-A320,G-A320,,245.0,48755.0,quantidade_ausente;
AGOSTO_L76,AGOSTO,Agosto,76,2026-08-11 00:00:00,17413,CASE SATA HD - MINI CAIXA ACUSTICA - UNIDADE DE CONVERSAO DE SINAIS - ADAPTADOR - MOUSE PARA COMPUTADOR - CARREGADOR P/ NOTEBOOK -  FONTE DE ALIMENTAÇÃO - SUPORTE DE MESA,KP-HD002 KP603 KP-HD003 KP-7023 HB-T130 KP-MU021 KP-536 KP-CB202 OR-SP207 OR-SP,,,10119.0,quantidade_ausente;
AGOSTO_L77,AGOSTO,Agosto,77,2026-08-11 00:00:00,17414,MINI ALTOFALANTE E PLACA PCI,KP-600 KP-609 KP-PL906,,,11430.0,quantidade_ausente;
AGOSTO_L78,AGOSTO,Agosto,78,2026-08-11 00:00:00,17415,"UNIDADE DE CONVERSÃO , MOUSEPAD, ADAPTADOR, TECLADO, CABO, CASE, SWITCH, MOUSE, CARREGADOR, CAMPAINHA SEM FIO",KP-HD004 KP-S04 SL6001 KP-2048 KP-3456 KP-3465 KP-3466 KP-YP5028 KP-HD009 KP-SW106 KP-MU009 KP-512BB KP-CA323,,,16659.0,quantidade_ausente;
AGOSTO_L79,AGOSTO,Agosto,79,2026-08-11 00:00:00,17416,"JOYSTICK, FONE DE OUVIDO, SUPORTE VEICULAR",KP-5815A KP-313 OR-SP009,,,2371.0,quantidade_ausente;
AGOSTO_L93,AGOSTO,Agosto,93,2026-08-12 00:00:00,27601,"CHAVE DE IMPACTO, KIT DE SERRA COPO, JOGO DE BITS, SOPRADOR",BOM-9966 BOM-5206 BOM-5037 BOM-9581,,,3804.1,quantidade_ausente;
AGOSTO_L94,AGOSTO,Agosto,94,2026-08-13 00:00:00,ik-09117,SWITCH POE 8+2+1,ATS-1082,,135.0,12960.0,quantidade_ausente;
AGOSTO_L97,AGOSTO,Agosto,97,2026-08-13 00:00:00,ik-09121,CAMERA WIFI SMART PTZ,ML-212,,108.0,5400.0,quantidade_ausente;
AGOSTO_L99,AGOSTO,Agosto,99,2026-08-13 00:00:00,20573,MDC035 MDC036 MDC037 MDC033,,,,8186.0,quantidade_ausente;
AGOSTO_L100,AGOSTO,Agosto,100,2026-08-13 00:00:00,27736,"NIVEL, SOPRADOR, JOGO DE SOQUETES, MANDRIL, CHAVE DE IMPACTO, FACE DE CANA",BOM6521 BOM9725 BOM36917 BOM5016 BOM9964 BOM1150,,,9598.48,quantidade_ausente;
AGOSTO_L106,AGOSTO,Agosto,106,2026-08-14 00:00:00,27820,"ALICATE PARA CUTICULA, CHAVE AJUSTAVEL, KIT 3 MINI ESCOVAS, CORDA ELASTICA",BOM1054 BOM1285 BOM3644 BOM7442,,,3528.36,quantidade_ausente;
AGOSTO_L107,AGOSTO,Agosto,107,2026-08-14 00:00:00,27832,"KIT DE NIVEL A LASER, NIVEL MANUAL, FURADEIRA, DESENTUPIDOR, REFLETOR, COZINHA",BOM6215 BOM6528 BOM9543 BOM7517 BOM4330 BOM2339,,,7979.22,quantidade_ausente;
AGOSTO_L109,AGOSTO,Agosto,109,2026-08-17 00:00:00,28019,ALICATE DE CRIMPAR ,BOM1703,,11.8,2360.0,quantidade_ausente;
AGOSTO_L110,AGOSTO,Agosto,110,2026-08-17 00:00:00,821,LUMINARIA DE TETO LED,HWS-LCD3071-B,,121.5,1215.0,quantidade_ausente;
AGOSTO_L112,AGOSTO,Agosto,112,2026-08-17 00:00:00,28103,ABRACADEIRA,BOM5491,,18.9,756.0,quantidade_ausente;
AGOSTO_L116,AGOSTO,Agosto,116,2026-08-18 00:00:00,28186,"ESCOVA DE LIMPEZA, LAVADORA, AUXILIAR, FURADEIRA, MACHADO, SOPRADOR, TRENA",BOM7377 BOM7006 BOM8923 BOM9557 BOM9558 BOM1005 BOM9206 BOM6544,,0.0,14582.1,quantidade_ausente;
AGOSTO_L117,AGOSTO,Agosto,117,2026-08-18 00:00:00,-,IMS-X41PRO,,,940.0,1880.0,quantidade_ausente;
AGOSTO_L118,AGOSTO,Agosto,118,2026-08-18 00:00:00,-,IMS-X69,,,681.6,5452.8,quantidade_ausente;
AGOSTO_L119,AGOSTO,Agosto,119,2026-08-18 00:00:00,-,IMS-X35B ,,,184.0,1472.0,quantidade_ausente;
AGOSTO_L120,AGOSTO,Agosto,120,2026-08-18 00:00:00,28288,ESMERILHADEIRA ANDULAR,BOM-9545,,85.9,859.0,quantidade_ausente;
SHOWROOM_L8,SHOWROOM,Showroom,8,2026-02-02 00:00:00,624.0,,D-NKI507,5.0,1500.0,7500.0,descricao_ausente;
SHOWROOM_L14,SHOWROOM,Showroom,14,2026-02-11 00:00:00,,,D-X001,,,,descricao_ausente;quantidade_ausente;preco_ausente;
SHOWROOM_L15,SHOWROOM,Showroom,15,2026-02-11 00:00:00,,,D-X006,,,,descricao_ausente;quantidade_ausente;preco_ausente;
SHOWROOM_L16,SHOWROOM,Showroom,16,2026-02-11 00:00:00,,,D-X007,,,,descricao_ausente;quantidade_ausente;preco_ausente;
SHOWROOM_L17,SHOWROOM,Showroom,17,2026-02-11 00:00:00,,,D-X008,,,,descricao_ausente;quantidade_ausente;preco_ausente;
SHOWROOM_L18,SHOWROOM,Showroom,18,2026-02-11 00:00:00,,,D-G228,,,,descricao_ausente;quantidade_ausente;preco_ausente;
SHOWROOM_L19,SHOWROOM,Showroom,19,2026-02-11 00:00:00,,,D-G280,,,,descricao_ausente;quantidade_ausente;preco_ausente;
SHOWROOM_L20,SHOWROOM,Showroom,20,2026-02-11 00:00:00,,,D-G300,,,,descricao_ausente;quantidade_ausente;preco_ausente;
SHOWROOM_L21,SHOWROOM,Showroom,21,2026-02-11 00:00:00,,,D-G301,,,,descricao_ausente;quantidade_ausente;preco_ausente;
SHOWROOM_L22,SHOWROOM,Showroom,22,2026-02-11 00:00:00,,,D-G330,,,,descricao_ausente;quantidade_ausente;preco_ausente;
SHOWROOM_L23,SHOWROOM,Showroom,23,2026-02-11 00:00:00,,,D-S3151,,,,descricao_ausente;quantidade_ausente;preco_ausente;
SHOWROOM_L24,SHOWROOM,Showroom,24,2026-02-11 00:00:00,,,D-S3165,,,,descricao_ausente;quantidade_ausente;preco_ausente;
SHOWROOM_L25,SHOWROOM,Showroom,25,2026-02-11 00:00:00,,,D3205,,,,descricao_ausente;quantidade_ausente;preco_ausente;
SHOWROOM_L26,SHOWROOM,Showroom,26,2026-02-11 00:00:00,,,D-F13BT,,,,descricao_ausente;quantidade_ausente;preco_ausente;
SHOWROOM_L27,SHOWROOM,Showroom,27,2026-02-11 00:00:00,,,D-XK102,,,,descricao_ausente;quantidade_ausente;preco_ausente;
SHOWROOM_L30,SHOWROOM,Showroom,30,2026-02-12 00:00:00,,,BOM.1501,,,,descricao_ausente;quantidade_ausente;preco_ausente;
SHOWROOM_L31,SHOWROOM,Showroom,31,2026-02-12 00:00:00,,,BOM.1506,,,,descricao_ausente;quantidade_ausente;preco_ausente;
SHOWROOM_L32,SHOWROOM,Showroom,32,2026-02-12 00:00:00,,,BOM.1511,,,,descricao_ausente;quantidade_ausente;preco_ausente;
SHOWROOM_L33,SHOWROOM,Showroom,33,2026-02-12 00:00:00,,,BOM.1516,,,,descricao_ausente;quantidade_ausente;preco_ausente;
SHOWROOM_L34,SHOWROOM,Showroom,34,2026-02-12 00:00:00,,,BOM.1523,,,,descricao_ausente;quantidade_ausente;preco_ausente;
SHOWROOM_L35,SHOWROOM,Showroom,35,2026-02-12 00:00:00,,,BOM.1535,,,,descricao_ausente;quantidade_ausente;preco_ausente;
SHOWROOM_L36,SHOWROOM,Showroom,36,2026-02-12 00:00:00,,,BOM.1570,,,,descricao_ausente;quantidade_ausente;preco_ausente;
SHOWROOM_L37,SHOWROOM,Showroom,37,2026-02-12 00:00:00,,,BOM.1805,,,,descricao_ausente;quantidade_ausente;preco_ausente;
SHOWROOM_L38,SHOWROOM,Showroom,38,2026-02-12 00:00:00,,,BOM.3110,,,,descricao_ausente;quantidade_ausente;preco_ausente;
SHOWROOM_L39,SHOWROOM,Showroom,39,2026-02-12 00:00:00,,,BOM.3230,,,,descricao_ausente;quantidade_ausente;preco_ausente;
SHOWROOM_L40,SHOWROOM,Showroom,40,2026-02-12 00:00:00,,,BOM.3231,,,,descricao_ausente;quantidade_ausente;preco_ausente;
SHOWROOM_L41,SHOWROOM,Showroom,41,2026-02-12 00:00:00,,,BOM.3633,,,,descricao_ausente;quantidade_ausente;preco_ausente;
SHOWROOM_L42,SHOWROOM,Showroom,42,2026-02-12 00:00:00,,,BOM 3629,,,,descricao_ausente;quantidade_ausente;preco_ausente;
SHOWROOM_L43,SHOWROOM,Showroom,43,2026-02-12 00:00:00,,,BOM.3632,,,,descricao_ausente;quantidade_ausente;preco_ausente;
SHOWROOM_L44,SHOWROOM,Showroom,44,2026-02-12 00:00:00,,,BOM.3903,,,,descricao_ausente;quantidade_ausente;preco_ausente;
SHOWROOM_L45,SHOWROOM,Showroom,45,2026-02-12 00:00:00,,,BOM.3910,,,,descricao_ausente;quantidade_ausente;preco_ausente;
SHOWROOM_L46,SHOWROOM,Showroom,46,2026-02-12 00:00:00,,,BOM.3911,,,,descricao_ausente;quantidade_ausente;preco_ausente;
SHOWROOM_L47,SHOWROOM,Showroom,47,2026-02-12 00:00:00,,,BOM.3916,,,,descricao_ausente;quantidade_ausente;preco_ausente;
SHOWROOM_L48,SHOWROOM,Showroom,48,2026-02-12 00:00:00,,,BOM.5102,,,,descricao_ausente;quantidade_ausente;preco_ausente;
SHOWROOM_L49,SHOWROOM,Showroom,49,2026-02-12 00:00:00,,,BOM.5118,,,,descricao_ausente;quantidade_ausente;preco_ausente;
SHOWROOM_L50,SHOWROOM,Showroom,50,2026-02-12 00:00:00,,,ƁOM.5675,,,,descricao_ausente;quantidade_ausente;preco_ausente;
SHOWROOM_L51,SHOWROOM,Showroom,51,2026-02-12 00:00:00,,,BOM.6211,,,,descricao_ausente;quantidade_ausente;preco_ausente;
SHOWROOM_L52,SHOWROOM,Showroom,52,2026-02-12 00:00:00,,,BOM.6540,,,,descricao_ausente;quantidade_ausente;preco_ausente;
SHOWROOM_L53,SHOWROOM,Showroom,53,2026-02-12 00:00:00,,,BOM.6701,,,,descricao_ausente;quantidade_ausente;preco_ausente;
SHOWROOM_L54,SHOWROOM,Showroom,54,2026-02-12 00:00:00,,,BOM.6804,,,,descricao_ausente;quantidade_ausente;preco_ausente;
SHOWROOM_L55,SHOWROOM,Showroom,55,2026-02-12 00:00:00,,,BOM.6816,,,,descricao_ausente;quantidade_ausente;preco_ausente;
SHOWROOM_L56,SHOWROOM,Showroom,56,2026-02-12 00:00:00,,,BOM.9106,,,,descricao_ausente;quantidade_ausente;preco_ausente;
SHOWROOM_L57,SHOWROOM,Showroom,57,2026-02-12 00:00:00,,,BOM.9303,,,,descricao_ausente;quantidade_ausente;preco_ausente;
SHOWROOM_L58,SHOWROOM,Showroom,58,2026-02-12 00:00:00,,,BOM.9964,,,,descricao_ausente;quantidade_ausente;preco_ausente;
SHOWROOM_L59,SHOWROOM,Showroom,59,2026-02-12 00:00:00,,,BOM.7422,,,,descricao_ausente;quantidade_ausente;preco_ausente;
SHOWROOM_L60,SHOWROOM,Showroom,60,2026-02-12 00:00:00,,,BOM.7712,,,,descricao_ausente;quantidade_ausente;preco_ausente;
SHOWROOM_L61,SHOWROOM,Showroom,61,2026-02-12 00:00:00,,,BOM.7713,,,,descricao_ausente;quantidade_ausente;preco_ausente;
SHOWROOM_L62,SHOWROOM,Showroom,62,2026-02-12 00:00:00,,,ƁOM.7720,,,,descricao_ausente;quantidade_ausente;preco_ausente;
SHOWROOM_L63,SHOWROOM,Showroom,63,2026-02-12 00:00:00,,,BOM 5404,,,,descricao_ausente;quantidade_ausente;preco_ausente;
SHOWROOM_L64,SHOWROOM,Showroom,64,2026-02-12 00:00:00,,,BOM 3918,,,,descricao_ausente;quantidade_ausente;preco_ausente;
SHOWROOM_L68,SHOWROOM,Showroom,68,2026-02-19 00:00:00,4318.0,Antena 5m,MTA-3005,50.0,945.0,14.853,total_nao_bate_qtd_x_unitario;
SHOWROOM_L70,SHOWROOM,Showroom,70,,,Cadeira de escritório,MCC-P018,,,,quantidade_ausente;preco_ausente;data_ausente;
SHOWROOM_L71,SHOWROOM,Showroom,71,,,,BOM-7002,,,,descricao_ausente;quantidade_ausente;preco_ausente;data_ausente;
SHOWROOM_L74,SHOWROOM,Showroom,74,,,,BOM-2337,,,,descricao_ausente;quantidade_ausente;preco_ausente;data_ausente;
SHOWROOM_L75,SHOWROOM,Showroom,75,,,,D-BH1018,,,,descricao_ausente;quantidade_ausente;preco_ausente;data_ausente;
SHOWROOM_L76,SHOWROOM,Showroom,76,,,,D-BH1050,,,,descricao_ausente;quantidade_ausente;preco_ausente;data_ausente;
SHOWROOM_L77,SHOWROOM,Showroom,77,,,,D-XK 102,,,,descricao_ausente;quantidade_ausente;preco_ausente;data_ausente;
SHOWROOM_L78,SHOWROOM,Showroom,78,,,,KB-BL4528,,,,descricao_ausente;quantidade_ausente;preco_ausente;data_ausente;
SHOWROOM_L79,SHOWROOM,Showroom,79,,,,ABS-33-7PC-DL,1.0,,,descricao_ausente;preco_ausente;data_ausente;
SHOWROOM_L80,SHOWROOM,Showroom,80,,,,B-663-2S,1.0,,,descricao_ausente;preco_ausente;data_ausente;
SHOWROOM_L81,SHOWROOM,Showroom,81,,,,lc-001B,,,,descricao_ausente;quantidade_ausente;preco_ausente;data_ausente;
SHOWROOM_L82,SHOWROOM,Showroom,82,,,,WZB-6658,1.0,,,descricao_ausente;preco_ausente;data_ausente;
SHOWROOM_L83,SHOWROOM,Showroom,83,,,,QB-KB05,1.0,,,descricao_ausente;preco_ausente;data_ausente;
SHOWROOM_L84,SHOWROOM,Showroom,84,,,,ON -LU203,,,,descricao_ausente;quantidade_ausente;preco_ausente;data_ausente;
SHOWROOM_L85,SHOWROOM,Showroom,85,,,,BOM-6560,3.0,,,descricao_ausente;preco_ausente;data_ausente;
SHOWROOM_L86,SHOWROOM,Showroom,86,,,,LB-CA250,,,,descricao_ausente;quantidade_ausente;preco_ausente;data_ausente;
SHOWROOM_L87,SHOWROOM,Showroom,87,,,,KP-CA127,,,,descricao_ausente;quantidade_ausente;preco_ausente;data_ausente;
SHOWROOM_L88,SHOWROOM,Showroom,88,,,,KP-CA209,,,,descricao_ausente;quantidade_ausente;preco_ausente;data_ausente;
SHOWROOM_L89,SHOWROOM,Showroom,89,,,,BOM-6560,,,,descricao_ausente;quantidade_ausente;preco_ausente;data_ausente;
SHOWROOM_L90,SHOWROOM,Showroom,90,,,,MCC-P013,,,,descricao_ausente;quantidade_ausente;preco_ausente;data_ausente;
SHOWROOM_L91,SHOWROOM,Showroom,91,,,,BOM-7010,,,,descricao_ausente;quantidade_ausente;preco_ausente;data_ausente;
SHOWROOM_L92,SHOWROOM,Showroom,92,,,,LB-CA250,,,,descricao_ausente;quantidade_ausente;preco_ausente;data_ausente;
SHOWROOM_L93,SHOWROOM,Showroom,93,,,,JGM-30,,,,descricao_ausente;quantidade_ausente;preco_ausente;data_ausente;
SHOWROOM_L94,SHOWROOM,Showroom,94,,,,NKI507,,,,descricao_ausente;quantidade_ausente;preco_ausente;data_ausente;
SHOWROOM_L95,SHOWROOM,Showroom,95,,,,FN635,,,,descricao_ausente;quantidade_ausente;preco_ausente;data_ausente;
SHOWROOM_L96,SHOWROOM,Showroom,96,,,,ON-TWS46,,,,descricao_ausente;quantidade_ausente;preco_ausente;data_ausente;
SHOWROOM_L97,SHOWROOM,Showroom,97,,,,BOM-8804,,,,descricao_ausente;quantidade_ausente;preco_ausente;data_ausente;
SHOWROOM_L98,SHOWROOM,Showroom,98,,,,BOM-9515,,,,descricao_ausente;quantidade_ausente;preco_ausente;data_ausente;
SHOWROOM_L99,SHOWROOM,Showroom,99,,,,ON-2105,,,,descricao_ausente;quantidade_ausente;preco_ausente;data_ausente;
SHOWROOM_L100,SHOWROOM,Showroom,100,,,,SC-B48,,,,descricao_ausente;quantidade_ausente;preco_ausente;data_ausente;
SHOWROOM_L101,SHOWROOM,Showroom,101,,,,FT103/220V,,,,descricao_ausente;quantidade_ausente;preco_ausente;data_ausente;
SHOWROOM_L102,SHOWROOM,Showroom,102,,,,UD119,,,,descricao_ausente;quantidade_ausente;preco_ausente;data_ausente;
SHOWROOM_L103,SHOWROOM,Showroom,103,,,,KP-CA608,,,,descricao_ausente;quantidade_ausente;preco_ausente;data_ausente;
SHOWROOM_L104,SHOWROOM,Showroom,104,,,,ON-FA010,,,,descricao_ausente;quantidade_ausente;preco_ausente;data_ausente;
SHOWROOM_L105,SHOWROOM,Showroom,105,,,,ON-FA010,,,,descricao_ausente;quantidade_ausente;preco_ausente;data_ausente;
SHOWROOM_L106,SHOWROOM,Showroom,106,,,,ON-4900AAA,,,,descricao_ausente;quantidade_ausente;preco_ausente;data_ausente;
SHOWROOM_L107,SHOWROOM,Showroom,107,,,,ON-FT100,,,,descricao_ausente;quantidade_ausente;preco_ausente;data_ausente;
SHOWROOM_L108,SHOWROOM,Showroom,108,,,,DNB-4803,,,,descricao_ausente;quantidade_ausente;preco_ausente;data_ausente;
SHOWROOM_L109,SHOWROOM,Showroom,109,,,,B-26,,,,descricao_ausente;quantidade_ausente;preco_ausente;data_ausente;
SHOWROOM_L110,SHOWROOM,Showroom,110,,,,B-F668,,,,descricao_ausente;quantidade_ausente;preco_ausente;data_ausente;
SHOWROOM_L111,SHOWROOM,Showroom,111,,,,B-F671,,,,descricao_ausente;quantidade_ausente;preco_ausente;data_ausente;
SHOWROOM_L112,SHOWROOM,Showroom,112,,,,B-PL594-2S,,,,descricao_ausente;quantidade_ausente;preco_ausente;data_ausente;
SHOWROOM_L113,SHOWROOM,Showroom,113,,,,BD-3519,,,,descricao_ausente;quantidade_ausente;preco_ausente;data_ausente;
SHOWROOM_L114,SHOWROOM,Showroom,114,,,,ON-FN648,,,,descricao_ausente;quantidade_ausente;preco_ausente;data_ausente;
SHOWROOM_L115,SHOWROOM,Showroom,115,,,,ON-MA017,,,,descricao_ausente;quantidade_ausente;preco_ausente;data_ausente;
SHOWROOM_L116,SHOWROOM,Showroom,116,,,,ON-MA015,,,,descricao_ausente;quantidade_ausente;preco_ausente;data_ausente;
SHOWROOM_L117,SHOWROOM,Showroom,117,,,,D-A24I713,,,,descricao_ausente;quantidade_ausente;preco_ausente;data_ausente;
SHOWROOM_L118,SHOWROOM,Showroom,118,,,,ON-LU203,,,,descricao_ausente;quantidade_ausente;preco_ausente;data_ausente;
SHOWROOM_L119,SHOWROOM,Showroom,119,,,,BOM-6801,,,,descricao_ausente;quantidade_ausente;preco_ausente;data_ausente;
SHOWROOM_L120,SHOWROOM,Showroom,120,,,,ON-MC836,,,,descricao_ausente;quantidade_ausente;preco_ausente;data_ausente;
ShowRoom1_L8,ShowRoom1,Showroom,8,-,-,LUMINÁRIA SOLAR,ON-LU203,10.0,93.0,930.0,data_ausente;linha_duplicada_suspeita;
ShowRoom1_L9,ShowRoom1,Showroom,9,-,-,TRENA DIGITAL DE RODA PARA,BOM-6560,10.0,129.9,1299.0,data_ausente;linha_duplicada_suspeita;
ShowRoom1_L10,ShowRoom1,Showroom,10,-,-,CÂMERA IP,LB-CA250,24.0,185.0,4440.0,data_ausente;linha_duplicada_suspeita;
ShowRoom1_L11,ShowRoom1,Showroom,11,-,-,CÂMERA IP,KP-CA127,30.0,55.0,1650.0,data_ausente;
ShowRoom1_L12,ShowRoom1,Showroom,12,-,-,CÂMERA IP,KP-CA209,18.0,145.0,2610.0,data_ausente;
ShowRoom1_L13,ShowRoom1,Showroom,13,-,-,FONE WIRELESS,ON-TWS46,100.0,23.0,2300.0,data_ausente;
ShowRoom1_L14,ShowRoom1,Showroom,14,-,-,TRENA DIGITAL DE RODA PARA,BOM-6560,10.0,129.9,1299.0,data_ausente;linha_duplicada_suspeita;
ShowRoom1_L15,ShowRoom1,Showroom,15,-,-,MESA DE ACAMPAMENTO,MCC-P013,7.0,162.0,1134.0,data_ausente;
ShowRoom1_L16,ShowRoom1,Showroom,16,-,-,LAVADORA DE ALTA PRESSÃO,BOM-7010,1.0,309.9,309.9,data_ausente;
ShowRoom1_L17,ShowRoom1,Showroom,17,-,-,CÂMERA IP,LB-CA250,24.0,185.0,4440.0,data_ausente;linha_duplicada_suspeita;
ShowRoom1_L18,ShowRoom1,Showroom,18,-,-,FERRO DE SOLDAR,BOM-9515,100.0,12.99,1299.0,data_ausente;
ShowRoom1_L19,ShowRoom1,Showroom,19,-,-,ESPELHO COM LED,ON-2105,48.0,21.0,1008.0,data_ausente;
ShowRoom1_L20,ShowRoom1,Showroom,20,-,-,CAMERAS WIFI 2MP app icsee,SC-B48,1.0,49.0,49.0,data_ausente;
ShowRoom1_L21,ShowRoom1,Showroom,21,-,-,CLIMATIZADOR 30LT,JGM-30,1.0,478.95,478.95,data_ausente;
ShowRoom1_L22,ShowRoom1,Showroom,22,-,-,BOLSA PASTA DE NOTEBOOK COM ALÇA,DNB-4803,1.0,26.0,26.0,data_ausente;
ShowRoom1_L23,ShowRoom1,Showroom,23,-,-,PILHA ALCALINA,ON-4900AAA,200.0,5.6,1120.0,data_ausente;
ShowRoom1_L24,ShowRoom1,Showroom,24,-,-,AIR FRYER,ON-FT100/110V,4.0,275.0,1100.0,data_ausente;
ShowRoom1_L25,ShowRoom1,Showroom,25,-,-,NOTEBOOK,D-NKI507,5.0,1760.0,8800.0,data_ausente;
ShowRoom1_L26,ShowRoom1,Showroom,26,-,-,HEADSET GAMER,ON-FN635,30.0,60.0,1800.0,data_ausente;
ShowRoom1_L27,ShowRoom1,Showroom,27,-,-,AIR FRYER,ON-FT103/220V,4.0,198.0,792.0,data_ausente;
ShowRoom1_L28,ShowRoom1,Showroom,28,-,-,PROCESSADORMINI,ON-UD119,24.0,68.0,1632.0,data_ausente;
ShowRoom1_L29,ShowRoom1,Showroom,29,-,-,FECHADURA INTELIGENTE,KP-CA608,10.0,275.0,2750.0,data_ausente;
ShowRoom1_L30,ShowRoom1,Showroom,30,-,-,VENTILADOR AUTOMOTIVO MINI,ON-FA010,30.0,36.0,1080.0,data_ausente;
ShowRoom1_L31,ShowRoom1,Showroom,31,-,-,CANHÃOREFLETOR DE LED,ON-LP362,28.0,58.0,1624.0,data_ausente;
ShowRoom1_L32,ShowRoom1,Showroom,32,-,-,BOMBA COMPRESSOR PEDAL ALUMÍNIO,BOM-8804,40.0,18.8,752.0,data_ausente;
ShowRoom1_L33,ShowRoom1,Showroom,33,-,-,MOCHILA EXPANSÍVEL IMPERMEÁVEL USB,B-26,40.0,126.0,5040.0,data_ausente;
ShowRoom1_L34,ShowRoom1,Showroom,34,-,-,MOCHILA IMPERMEÁVEL USB P2 CADEADO,B-F668,50.0,65.0,3250.0,data_ausente;
ShowRoom1_L35,ShowRoom1,Showroom,35,-,-,MOCHILA IMPERMEÁVEL USB P2 CADEADO,B-F671,50.0,65.0,3250.0,data_ausente;
ShowRoom1_L36,ShowRoom1,Showroom,36,-,-,MOCHILA CABO DE AÇO COURO SINTETICO,B-PL594-2S,50.0,65.0,3250.0,data_ausente;
ShowRoom1_L37,ShowRoom1,Showroom,37,-,-,ESTOJO ESCOLAR 3 ABAS,BD-3519,120.0,32.0,3840.0,data_ausente;
ShowRoom1_L38,ShowRoom1,Showroom,38,-,-,MOCHILA EXPANSÍVEL IMPERMEÁVEL USB,B-29-HEI,30.0,138.0,4140.0,data_ausente;
ShowRoom1_L39,ShowRoom1,Showroom,39,-,-,MALA ACADEMIA ESPORTIVA,FSL205,120.0,37.2,4464.0,data_ausente;
ShowRoom1_L40,ShowRoom1,Showroom,40,-,-,BOLSA PORTA CELULAR 3 ZÍPER E ALÇA,SJB-F20,120.0,18.0,2160.0,data_ausente;
ShowRoom1_L41,ShowRoom1,Showroom,41,-,-,HEADSET PARA PC,ON-FN648,50.0,36.0,1800.0,data_ausente;
ShowRoom1_L42,ShowRoom1,Showroom,42,-,-,KIT APARADOR 3 EM 1,ON-MA017,48.0,28.0,1344.0,data_ausente;
ShowRoom1_L43,ShowRoom1,Showroom,43,-,-,MÁQUINADE CORTAR CABELO,ON-MA015,60.0,40.0,2400.0,data_ausente;
ShowRoom1_L44,ShowRoom1,Showroom,44,-,-,ALL-IN-ONE,D-A24I713,3.0,3800.0,11400.0,data_ausente;
ShowRoom1_L45,ShowRoom1,Showroom,45,-,-,LUMINÁRIA SOLAR,ON-LU203,10.0,93.0,930.0,data_ausente;linha_duplicada_suspeita;
ShowRoom1_L46,ShowRoom1,Showroom,46,-,-,MEDIDOR DE RUÍDO DIGITAL,BOM-6801,60.0,59.8,3588.0,data_ausente;
ShowRoom1_L47,ShowRoom1,Showroom,47,-,-,KIT 2 MICROFONES,ON-MC836,100.0,48.0,4800.0,data_ausente;
ShowRoom1_L48,ShowRoom1,Showroom,48,-,-,ESTILETE,BOM-3304,1.0,3.8,3.8,data_ausente;
ShowRoom1_L49,ShowRoom1,Showroom,49,-,-,ESTILETE RASPADOR PROFISSIONAL,BOM-7350,1.0,3.9,3.9,data_ausente;
ShowRoom1_L50,ShowRoom1,Showroom,50,-,-,BATERIA DE CARBONO AA/R6,LE-7999-1,36.0,23.8,856.8,data_ausente;
ShowRoom1_L51,ShowRoom1,Showroom,51,-,-,BATERIA DE CARBONO AAA/R03,LE-7999-2,36.0,19.8,712.8,data_ausente;
ShowRoom1_L52,ShowRoom1,Showroom,52,-,-,BATERIA MOEDA CR2025 3V,LE-7999-20-CR2025,20.0,70.0,1400.0,data_ausente;
ShowRoom1_L53,ShowRoom1,Showroom,53,-,-,PERARO INSERTO PARA PNEU,AC-6650,144.0,5.7,820.8,data_ausente;
ShowRoom1_L54,ShowRoom1,Showroom,54,-,-,VIDEO GAME PORTATIL,MAY-032,50.0,175.0,8750.0,data_ausente;
ShowRoom1_L55,ShowRoom1,Showroom,55,-,-,CADEIRA SMART FIXA,199,1.0,204.97,204.97,data_ausente;
ShowRoom1_L56,ShowRoom1,Showroom,56,-,-,LAVADORA DE PRESSÃO PORTÁTIL A BATERIA,BOM-7001,10.0,129.9,1299.0,data_ausente;
ShowRoom1_L57,ShowRoom1,Showroom,57,-,-,ESTILETE DOBRÁVEL,BOM-3303,24.0,4.5,108.0,data_ausente;
ShowRoom1_L58,ShowRoom1,Showroom,58,-,-,LUVAS ANTICORTE,BOM-7112,120.0,6.99,838.8,data_ausente;
ShowRoom1_L59,ShowRoom1,Showroom,59,-,-,LANTERNA DE CABEÇA COB,BOM-4006,240.0,9.99,2397.6,data_ausente;
ShowRoom1_L60,ShowRoom1,Showroom,60,-,-,CAMERA DE IP WI-FI,KP-CA207,30.0,115.0,3450.0,data_ausente;
ShowRoom1_L61,ShowRoom1,Showroom,61,-,-,CAMERA DE LENTE DUPLA,KP-CA209,18.0,165.0,2970.0,data_ausente;
ShowRoom1_L62,ShowRoom1,Showroom,62,-,-,CAMERA DE SEGURANÇA IP,KP-CA190,30.0,145.0,4350.0,data_ausente;
ShowRoom1_L63,ShowRoom1,Showroom,63,-,-,CAMERA COM BATERIA INTELIGENTE,SC-B1,30.0,165.0,4950.0,data_ausente;
ShowRoom1_L64,ShowRoom1,Showroom,64,-,-,INTERUPTOR INTELIGENTE ,SC-9408,400.0,20.8,8320.0,data_ausente;
ShowRoom1_L65,ShowRoom1,Showroom,65,-,-,ESPELHO ARCO,OPA-Z062,12.0,46.0,552.0,data_ausente;
ShowRoom1_L66,ShowRoom1,Showroom,66,-,-,MINI PENDRIVE DE ALTA VELOCIDADE,D-UP64,100.0,29.0,2900.0,data_ausente;
ShowRoom1_L67,ShowRoom1,Showroom,67,-,-,Soundbar 120w,MTS-2018,4.0,380.0,1520.0,data_ausente;
ShowRoom1_L68,ShowRoom1,Showroom,68,-,-,TECLADO GAMER,TE-BKL006,10.0,185.0,1850.0,data_ausente;
ShowRoom1_L69,ShowRoom1,Showroom,69,-,-,PLACA MAE AM4,G-A520,20.0,305.0,6100.0,data_ausente;
ShowRoom1_L70,ShowRoom1,Showroom,70,-,-,MOUSE ÓPTICO RGB COM FIO,VM7048,100.0,25.0,2500.0,data_ausente;
ShowRoom1_L71,ShowRoom1,Showroom,71,-,-,TECLADO MECÂNICO RGB,TM0691B,30.0,80.0,2400.0,data_ausente;
ShowRoom1_L72,ShowRoom1,Showroom,72,-,-,GABINETE S/ COOLER,FAERIE DRAGON GM,1.0,260.0,260.0,data_ausente;
ShowRoom1_L73,ShowRoom1,Showroom,73,-,-,AIR FRYERFRITADEIRA ELÉTRICA,ON-FT105/220V,4.0,180.0,720.0,data_ausente;
ShowRoom1_L74,ShowRoom1,Showroom,74,-,-,FONE DE OUVIDO TWS TRANSFORMES,TF-T11,100.0,50.0,5000.0,data_ausente;
ShowRoom1_L75,ShowRoom1,Showroom,75,-,-,HEADSET GAMER RGB,F5232,30.0,48.0,1440.0,data_ausente;
ShowRoom1_L76,ShowRoom1,Showroom,76,-,-,ALL-IN-ONE MAXIMUS i7 TELA 23.8’’,D-AI19,2.0,260.0,520.0,data_ausente;
ShowRoom1_L77,ShowRoom1,Showroom,77,-,-,TECLADO SEMI MECÂNICO RGB,VT045,20.0,40.0,800.0,data_ausente;
ShowRoom1_L78,ShowRoom1,Showroom,78,-,-,KIT TECLADO E MOUSE,K1756,30.0,80.0,2400.0,data_ausente;
ShowRoom1_L79,ShowRoom1,Showroom,79,-,-,TECLADO SEMI MECÂNICO RGB,VT088,30.0,50.0,1500.0,data_ausente;
ShowRoom1_L80,ShowRoom1,Showroom,80,-,-,COOLER RGB PARA PROCESSADOR,C4218,24.0,80.0,1920.0,data_ausente;
ShowRoom1_L81,ShowRoom1,Showroom,81,-,-,FONE DE OUVIDO SEM FIO MONSTER,XKT17,100.0,40.0,4000.0,data_ausente;
ShowRoom1_L82,ShowRoom1,Showroom,82,-,-,FONE DE OUVIDO TWS TRANSFORMES,TF-T02,100.0,40.0,4000.0,data_ausente;
ShowRoom1_L83,ShowRoom1,Showroom,83,-,-,FONE DE OUVIDO GIRATORIO,XKT13,100.0,30.0,3000.0,data_ausente;
ShowRoom1_L84,ShowRoom1,Showroom,84,-,-,MOUSE PAD,KP-S011,30.0,29.0,870.0,data_ausente;
ShowRoom1_L85,ShowRoom1,Showroom,85,-,-,MOUSE PAD,KP-S09,40.0,20.0,800.0,data_ausente;
ShowRoom1_L86,ShowRoom1,Showroom,86,-,-,MOUSE PAD,KP-S07,40.0,11.0,440.0,data_ausente;
ShowRoom1_L87,ShowRoom1,Showroom,87,-,-,CAIXA DE SOM MULTIMÍDIA,KP-RO832,20.0,48.0,960.0,data_ausente;
ShowRoom1_L88,ShowRoom1,Showroom,88,-,-,TECLADO GAMER,KP-TE120,30.0,38.0,1140.0,data_ausente;
ShowRoom1_L89,ShowRoom1,Showroom,89,-,-,TECLADO MECÂNICO.,KP-TE143,20.0,98.0,1960.0,data_ausente;
ShowRoom1_L90,ShowRoom1,Showroom,90,-,-,MOUSE GAMER ÓPTICO,KP-MU014,50.0,50.0,2500.0,data_ausente;
ShowRoom1_L91,ShowRoom1,Showroom,91,-,-,KIT 2 MICROFONES,ON-MC828,100.0,59.0,5900.0,data_ausente;
ShowRoom1_L92,ShowRoom1,Showroom,92,-,-,CAMERAS INTELIGENTES WIFI,SC-B59,32.0,128.0,4096.0,data_ausente;
ShowRoom1_L93,ShowRoom1,Showroom,93,-,-,CAIXA DE SOM PORTATIL,D-G226,80.0,46.0,3680.0,data_ausente;linha_duplicada_suspeita;
ShowRoom1_L94,ShowRoom1,Showroom,94,-,-,TECLADO + MOUSE MULTIMIDIA,KP-TE122,30.0,26.0,780.0,data_ausente;
ShowRoom1_L95,ShowRoom1,Showroom,95,-,-,ALICATE DE BICO,BOM-1604,72.0,10.9,784.8,data_ausente;
ShowRoom1_L96,ShowRoom1,Showroom,96,-,-,JOGO DE PONTAS MONTADOS 5PCS,BOM-5659,200.0,5.8,1160.0,data_ausente;
ShowRoom1_L97,ShowRoom1,Showroom,97,-,-,COLCHÃO INFLAVEL (URSO),MC-62,5.0,395.0,1975.0,data_ausente;
ShowRoom1_L98,ShowRoom1,Showroom,98,-,-,TECLADO BLUETOOTH MINI,KP-TE109,30.0,37.0,1110.0,data_ausente;
ShowRoom1_L99,ShowRoom1,Showroom,99,-,-,MOUSE SEM FIO,KP-MU023,100.0,21.0,2100.0,data_ausente;
ShowRoom1_L100,ShowRoom1,Showroom,100,-,-,MEDIDOR DE SOLO DIGITAL,BOM-6810,50.0,24.9,1245.0,data_ausente;
ShowRoom1_L101,ShowRoom1,Showroom,101,-,-,CAIXA DE SOM PORTATIL,D-G226,80.0,46.0,3680.0,data_ausente;linha_duplicada_suspeita;
ShowRoom1_L102,ShowRoom1,Showroom,102,-,-,KIT DE FACAS DE LUXO,ON-LD003,12.0,50.0,600.0,data_ausente;
ShowRoom1_L103,ShowRoom1,Showroom,103,-,-,PORTA TEMPERO GIRATÓRIO,ON-LD008,9.0,58.0,522.0,data_ausente;
ShowRoom1_L104,ShowRoom1,Showroom,104,-,-,BICO GRAXEIRO APLICADOR DE GRAXA,BOM-1663,200.0,6.9,1380.0,data_ausente;
ShowRoom1_L105,ShowRoom1,Showroom,105,-,-,ASPIRADOR PORTATIL,BOM-7003,80.0,17.99,1439.2,data_ausente;
ShowRoom1_L106,ShowRoom1,Showroom,106,-,-,ALICATE ESPECIAL,BOM-1709,72.0,17.9,1288.8,data_ausente;
ShowRoom1_L107,ShowRoom1,Showroom,107,-,-,SUPORTE PARA MONITOR,LE-3625,8.0,106.0,848.0,data_ausente;
ShowRoom1_L108,ShowRoom1,Showroom,108,-,-,"MONITOR LED 23.8""",M2410,5.0,490.0,2450.0,data_ausente;
ShowRoom1_L109,ShowRoom1,Showroom,109,-,-,CHALEIRA ELETRICA / 220V,ON-CL203/220,12.0,40.0,480.0,data_ausente;
ShowRoom1_L110,ShowRoom1,Showroom,110,-,-,LIQUIDIFICADOR MINI,ON-UD118,30.0,68.0,2040.0,data_ausente;
ShowRoom1_L111,ShowRoom1,Showroom,111,-,-,CANECA DE AÇO INOX 680ML,AK-6801,40.0,27.0,1080.0,data_ausente;
ShowRoom1_L112,ShowRoom1,Showroom,112,-,-,MINI SELADORA A VACUO,ON-LD030,200.0,4.2,840.0,data_ausente;
ShowRoom1_L113,ShowRoom1,Showroom,113,-,-,CAIXA DE SOM PORTATIL,D-G450,60.0,66.0,3960.0,data_ausente;
ShowRoom1_L114,ShowRoom1,Showroom,114,-,-,CONJUNTO DE CABO EXTENSOR ,BOM-3622,80.0,8.9,712.0,data_ausente;
ShowRoom1_L115,ShowRoom1,Showroom,115,-,-,KIT GRAMPO SARGENTO DE AÇO,BOM-3621,72.0,13.8,993.6,data_ausente;
ShowRoom1_L116,ShowRoom1,Showroom,116,-,-,MOCHILA EXPANSÍVEL A VÁCUO,B-PM4221QB-HEI,20.0,228.0,4560.0,data_ausente;
ShowRoom1_L117,ShowRoom1,Showroom,117,-,-,PATINETE ELETRICO,MPE-2130,3.0,2070.0,6210.0,data_ausente;
ShowRoom1_L118,ShowRoom1,Showroom,118,-,-,SMARTHWATCH,RG-W88,100.0,75.0,7500.0,data_ausente;
ShowRoom1_L119,ShowRoom1,Showroom,119,-,-,PONTEIRA IMANTADA PROFISSIONAL,BOM-5002,120.0,17.9,2148.0,data_ausente;
ShowRoom1_L120,ShowRoom1,Showroom,120,-,-,ORGANIZADOR COM 17 DIVISORIAS,BOM-7720,20.0,25.9,518.0,data_ausente;
ShowRoom1_L121,ShowRoom1,Showroom,121,-,-,NOBREAK MULTIFUNCIONAL PORTATIL,ANB-018,20.0,105.0,2100.0,data_ausente;
ShowRoom1_L122,ShowRoom1,Showroom,122,-,-,TERMINAL ILHÓS 1900PCS,BOM-5521,100.0,23.9,2390.0,data_ausente;
ShowRoom1_L123,ShowRoom1,Showroom,123,-,-,BICICLETA ELETRICA CARAMELO,MPE-9050,2.0,5400.0,10800.0,data_ausente;
ShowRoom1_L124,ShowRoom1,Showroom,124,-,-,GARRAFA DE AGUA INOX,AK-5029,40.0,27.0,1080.0,data_ausente;
ShowRoom1_L125,ShowRoom1,Showroom,125,-,-,LANTERNA DE CABEÇA COB,BOM-4002,200.0,15.99,3198.0,data_ausente;
ShowRoom1_L126,ShowRoom1,Showroom,126,-,-,TESOURA 3PCS,BOM-3301,100.0,7.99,799.0,data_ausente;
ShowRoom1_L127,ShowRoom1,Showroom,127,-,-,LOCALIZADOR PORTATIL DE PEIXES SONAR DE PROFUNDIDADE,BOM-6807,20.0,169.9,3398.0,data_ausente;
ShowRoom1_L128,ShowRoom1,Showroom,128,-,-,DETECTOR DE METAIS 5 EM 1,BOM-6816,80.0,69.9,5592.0,data_ausente;
ShowRoom1_L129,ShowRoom1,Showroom,129,-,-,RADIO COMUNICADOR,BOM-5702,50.0,79.99,3999.5,data_ausente;
ShowRoom1_L130,ShowRoom1,Showroom,130,-,-,ALICATE AMPERÍMETRO DIGITAL,BOM-6004,100.0,23.99,2399.0,data_ausente;
ShowRoom1_L131,ShowRoom1,Showroom,131,-,-,KIT 6 - ALICATE CRIMPAR BOX COM 1900 TERMINAL ILHOS 0.25 A 6MM,BOM-3706,0.0,0.0,0.0,data_ausente;
ShowRoom1_L132,ShowRoom1,Showroom,132,-,-,TRENA FITA METRICA 100M FIBRA DE VIDRO FLEXIVEL PROFISSIONAL,BOM-6513,24.0,27.9,669.6,data_ausente;
ShowRoom1_L133,ShowRoom1,Showroom,133,-,-,PILHA ALCALINA,ON-2900AAA,200.0,3.0,600.0,data_ausente;
ShowRoom1_L134,ShowRoom1,Showroom,134,-,-,PILHA ALCALINA,ON-AK9V,240.0,6.0,1440.0,data_ausente;
ShowRoom1_L135,ShowRoom1,Showroom,135,-,-,PILHA RECARREGAVEL,ON-2700AAA,100.0,18.8,1880.0,data_ausente;
ShowRoom1_L136,ShowRoom1,Showroom,136,-,-,MALETA DE FERRAMENTAS DUPLA FACE,GJB18,16.0,38.4,614.4,data_ausente;
ShowRoom1_L137,ShowRoom1,Showroom,137,-,-,FONE PARA CAPACETE,LE-2476,50.0,70.0,3500.0,data_ausente;
ShowRoom1_L138,ShowRoom1,Showroom,138,-,-,CONJUNTO DE FACAS 6PCS,ON-LD012,30.0,33.0,990.0,data_ausente;
ShowRoom1_L139,ShowRoom1,Showroom,139,-,-,SECADOR DE CABELO ,ON-CF01/127V,24.0,65.0,1560.0,data_ausente;
ShowRoom1_L140,ShowRoom1,Showroom,140,-,-,ALICATE DECAPADOR DE FIO,BOM-1702,72.0,22.99,1655.28,data_ausente;
ShowRoom1_L141,ShowRoom1,Showroom,141,-,-,NÍVEL A LASER COM 2 LINHAS,BOM-6209,40.0,73.99,2959.6,data_ausente;
ShowRoom1_L142,ShowRoom1,Showroom,142,-,-,KIT 6 - ALICATE CRIMPAR BOX COM 1900 TERMINAL ILHOS 0.25 A 6MM,BOM-3706,40.0,46.9,1876.0,data_ausente;
ShowRoom1_L143,ShowRoom1,Showroom,143,-,-,TESOURA DE ALFAIATE PROFISSIONAL,BOM-1061,60.0,7.9,474.0,data_ausente;
ShowRoom1_L144,ShowRoom1,Showroom,144,-,-,MOUSE SILENCIOSO,AMO-S2003,200.0,9.0,1800.0,data_ausente;
ShowRoom1_L145,ShowRoom1,Showroom,145,-,-,BASE GAMER PARA NOTEBOOK RGB,B3132G,12.0,60.0,720.0,data_ausente;
ShowRoom1_L146,ShowRoom1,Showroom,146,-,-,BOLSA PARA NOTEBOOK,DNB-22,100.0,31.0,3100.0,data_ausente;
ShowRoom1_L147,ShowRoom1,Showroom,147,-,-,CAIXA DE SOM PORTATIL,D-G226,80.0,46.0,3680.0,data_ausente;linha_duplicada_suspeita;
ShowRoom1_L148,ShowRoom1,Showroom,148,-,-,CAIXA DE SOM PORTATIL,D-G198,100.0,48.0,4800.0,data_ausente;
ShowRoom1_L149,ShowRoom1,Showroom,149,-,-,COPO DE SUCO PORTATIL,ON-TA20,24.0,32.0,768.0,data_ausente;
ShowRoom1_L150,ShowRoom1,Showroom,150,-,-,CHALEIRA ELETRICA / 110V,ON-CL202/110,12.0,42.0,504.0,data_ausente;
ShowRoom1_L151,ShowRoom1,Showroom,151,-,-,CHALEIRA ELETRICA / 110V,ON-CL203/110,12.0,40.0,480.0,data_ausente;
ShowRoom1_L152,ShowRoom1,Showroom,152,-,-,CAIXA DE SOM PORTATIL,D-XK309,4.0,887.0,3548.0,data_ausente;
ShowRoom1_L153,ShowRoom1,Showroom,153,-,-,FONE DE OUVIDO MONSTER BLUETOOTH 5.2,XKT01,100.0,25.0,2500.0,data_ausente;
ShowRoom1_L154,ShowRoom1,Showroom,154,-,-,MOUSEPAD GAMER RGB CARREGAMENTO POR INDUÇÃO,P803OC,20.0,80.0,1600.0,data_ausente;
ShowRoom1_L155,ShowRoom1,Showroom,155,-,-,CAIXA DE SOM PORTATIL,D-G105,20.0,80.0,1600.0,data_ausente;
ShowRoom1_L156,ShowRoom1,Showroom,156,-,-,PATINETE ELETRICO,MPE-2030,3.0,2100.0,6300.0,data_ausente;
ShowRoom1_L157,ShowRoom1,Showroom,157,-,-,PILHA ALCALINA,ON-2900AA,200.0,3.2,640.0,data_ausente;
ShowRoom1_L158,ShowRoom1,Showroom,158,-,-,PILHA ALCALINA,ON-4900AAA,200.0,3.0,600.0,data_ausente;
ShowRoom1_L159,ShowRoom1,Showroom,159,-,-,GARRAFA INOX 650ML,AK-6511,50.0,25.0,1250.0,data_ausente;
ShowRoom1_L160,ShowRoom1,Showroom,160,-,-,,,,,0.0,descricao_ausente;quantidade_ausente;data_ausente;
ShowRoom1_L161,ShowRoom1,Showroom,161,-,-,,,,,0.0,descricao_ausente;quantidade_ausente;data_ausente;
ShowRoom1_L162,ShowRoom1,Showroom,162,-,-,,,,,0.0,descricao_ausente;quantidade_ausente;data_ausente;
ShowRoom1_L163,ShowRoom1,Showroom,163,-,-,,,,,0.0,descricao_ausente;quantidade_ausente;data_ausente;
ShowRoom1_L164,ShowRoom1,Showroom,164,-,-,,,,,0.0,descricao_ausente;quantidade_ausente;data_ausente;
ShowRoom1_L165,ShowRoom1,Showroom,165,-,-,,,,,0.0,descricao_ausente;quantidade_ausente;data_ausente;
ShowRoom1_L166,ShowRoom1,Showroom,166,-,-,,,,,0.0,descricao_ausente;quantidade_ausente;data_ausente;
ShowRoom1_L167,ShowRoom1,Showroom,167,-,-,,,,,0.0,descricao_ausente;quantidade_ausente;data_ausente;
ShowRoom1_L168,ShowRoom1,Showroom,168,-,-,,,,,0.0,descricao_ausente;quantidade_ausente;data_ausente;
ShowRoom1_L169,ShowRoom1,Showroom,169,-,-,,,,,0.0,descricao_ausente;quantidade_ausente;data_ausente;
ShowRoom1_L170,ShowRoom1,Showroom,170,-,-,,,,,0.0,descricao_ausente;quantidade_ausente;data_ausente;
ShowRoom1_L171,ShowRoom1,Showroom,171,-,-,,,,,0.0,descricao_ausente;quantidade_ausente;data_ausente;
ShowRoom1_L172,ShowRoom1,Showroom,172,-,-,,,,,0.0,descricao_ausente;quantidade_ausente;data_ausente;
ShowRoom1_L173,ShowRoom1,Showroom,173,-,-,,,,,0.0,descricao_ausente;quantidade_ausente;data_ausente;
ShowRoom1_L174,ShowRoom1,Showroom,174,-,-,,,,,0.0,descricao_ausente;quantidade_ausente;data_ausente;
ShowRoom1_L175,ShowRoom1,Showroom,175,-,-,,,,,0.0,descricao_ausente;quantidade_ausente;data_ausente;
ShowRoom1_L176,ShowRoom1,Showroom,176,-,-,,,,,0.0,descricao_ausente;quantidade_ausente;data_ausente;
ShowRoom1_L177,ShowRoom1,Showroom,177,-,-,,,,,0.0,descricao_ausente;quantidade_ausente;data_ausente;
ShowRoom1_L178,ShowRoom1,Showroom,178,-,-,,,,,0.0,descricao_ausente;quantidade_ausente;data_ausente;
ShowRoom1_L179,ShowRoom1,Showroom,179,-,-,,,,,0.0,descricao_ausente;quantidade_ausente;data_ausente;
ShowRoom1_L180,ShowRoom1,Showroom,180,-,-,,,,,0.0,descricao_ausente;quantidade_ausente;data_ausente;
ShowRoom1_L181,ShowRoom1,Showroom,181,-,-,,,,,0.0,descricao_ausente;quantidade_ausente;data_ausente;
ShowRoom1_L182,ShowRoom1,Showroom,182,-,-,,,,,0.0,descricao_ausente;quantidade_ausente;data_ausente;
ShowRoom1_L183,ShowRoom1,Showroom,183,-,-,,,,,0.0,descricao_ausente;quantidade_ausente;data_ausente;
ShowRoom1_L184,ShowRoom1,Showroom,184,-,-,,,,,0.0,descricao_ausente;quantidade_ausente;data_ausente;
ShowRoom1_L185,ShowRoom1,Showroom,185,-,-,,,,,0.0,descricao_ausente;quantidade_ausente;data_ausente;
ShowRoom1_L186,ShowRoom1,Showroom,186,-,-,,,,,0.0,descricao_ausente;quantidade_ausente;data_ausente;
ShowRoom1_L187,ShowRoom1,Showroom,187,-,-,,,,,0.0,descricao_ausente;quantidade_ausente;data_ausente;
ShowRoom1_L188,ShowRoom1,Showroom,188,-,-,,,,,0.0,descricao_ausente;quantidade_ausente;data_ausente;
ShowRoom1_L189,ShowRoom1,Showroom,189,-,-,,,,,0.0,descricao_ausente;quantidade_ausente;data_ausente;
ShowRoom1_L190,ShowRoom1,Showroom,190,-,-,,,,,0.0,descricao_ausente;quantidade_ausente;data_ausente;
ShowRoom1_L191,ShowRoom1,Showroom,191,-,-,,,,,0.0,descricao_ausente;quantidade_ausente;data_ausente;
ShowRoom1_L192,ShowRoom1,Showroom,192,-,-,,,,,0.0,descricao_ausente;quantidade_ausente;data_ausente;
ShowRoom1_L193,ShowRoom1,Showroom,193,-,-,,,,,0.0,descricao_ausente;quantidade_ausente;data_ausente;
ShowRoom1_L194,ShowRoom1,Showroom,194,-,-,,,,,0.0,descricao_ausente;quantidade_ausente;data_ausente;
ShowRoom1_L195,ShowRoom1,Showroom,195,-,-,,,,,0.0,descricao_ausente;quantidade_ausente;data_ausente;
ShowRoom1_L196,ShowRoom1,Showroom,196,-,-,,,,,0.0,descricao_ausente;quantidade_ausente;data_ausente;
ShowRoom1_L197,ShowRoom1,Showroom,197,-,-,,,,,0.0,descricao_ausente;quantidade_ausente;data_ausente;
ShowRoom1_L198,ShowRoom1,Showroom,198,-,-,,,,,0.0,descricao_ausente;quantidade_ausente;data_ausente;
ShowRoom1_L199,ShowRoom1,Showroom,199,-,-,,,,,0.0,descricao_ausente;quantidade_ausente;data_ausente;
ShowRoom1_L200,ShowRoom1,Showroom,200,-,-,,,,,0.0,descricao_ausente;quantidade_ausente;data_ausente;
ShowRoom1_L201,ShowRoom1,Showroom,201,-,-,,,,,0.0,descricao_ausente;quantidade_ausente;data_ausente;
ShowRoom1_L202,ShowRoom1,Showroom,202,-,-,,,,,0.0,descricao_ausente;quantidade_ausente;data_ausente;
ShowRoom1_L203,ShowRoom1,Showroom,203,-,-,,,,,0.0,descricao_ausente;quantidade_ausente;data_ausente;
ShowRoom1_L204,ShowRoom1,Showroom,204,-,-,,,,,0.0,descricao_ausente;quantidade_ausente;data_ausente;
ShowRoom1_L205,ShowRoom1,Showroom,205,-,-,,,,,0.0,descricao_ausente;quantidade_ausente;data_ausente;
ShowRoom1_L206,ShowRoom1,Showroom,206,-,-,,,,,0.0,descricao_ausente;quantidade_ausente;data_ausente;
ShowRoom1_L207,ShowRoom1,Showroom,207,-,-,,,,,0.0,descricao_ausente;quantidade_ausente;data_ausente;
ShowRoom1_L208,ShowRoom1,Showroom,208,-,-,,,,,0.0,descricao_ausente;quantidade_ausente;data_ausente;
